,Elon's Unfinished Mars Resort,404 Resort Not Found,Count Wobble Basin #3,Hoth Extreme Winter Sports Complex,Ski Karen's Peak,Blessed Powder Keg Ridge #16,Tsar Shredovich,Ambulance Alley,AI-Generated Slope (May Hallucinate),Plasma Time Dilation Drop Void #7,Space Karen's Galactic Shred Zone,Monsieur Le Mogul,The NFT Ski Lodge (Worthless Now),Antimatter Ice Geyser Glades Resort #2,Enceladus Geyser Halfpipe,The Mogul That Broke My Hip,Premium Green Circle Mountain #0,The Bunny Slope that Never Ends,Herr Doktor Von Snowplow,Hyper Pretzel Lodge #8,Betelgeuse Before It Explodes,Insurance Claim Bowl,Rock Bottom Resort,Europa Slushpuppy Express,Discount Ragdoll Peak #1,Orbital Liquid Nitrogen Lanes Wilderness #5,Flat Earth Ski Resort,General Snowpack Crest #2,Mount Disappointment,Mount Hubris,Olympus Mons Bunny Slope (Its 22km Tall),Mustafar Lava Skiing (10/10 Extreme),Mediocre Mountain,Slightly Uphill Area,The Wall (No Lifts North of It),Schrodinger's Ski Slope,The Double Black That Ate Tourists,Frozen Sauron Territory #13,Overrated Noodle Valley #9,Grand Binding Heights #12,Dark Matter Ekpyrotic Edge Platform #4,Bikini Bottom Ice Cap,Ski Patrol's Nightmare,Season Pass Regret,Lunar 500 Internal Server Terror Gnar Lab Zeta #9,Flat Earther's Round Mountain,Super Chairlift Cliff #7,Luxury Wendigo Station #4,Mordor Ash Skiing (Not Recommended),The Singularity Ski Area (One Way Only),Where's the Powder,Narnia's Perpetual-Winter Resort,Chad's Extremely Dangerous Cliffs,Endor Ewok-Assisted Chairlift,Tatooine Twin-Sun Slalom (No Snow),Spicy Wobbly Bob Edge #10,Alderaan (It Was Here Yesterday),Wild Boot Ski Area #6,Boson Event Horizon Facility #0,Lord of the Bunny Slopes,Lift Line Purgatory,Sir Beanie Ledge #5,Hogwarts Quidditch Mountain Annex,Stellar Dark Side Colony #3,Mount Overpriced,Baron Von Chairlift,Lawsuit Gulch,Fluffy Terrain Park Trails #15,Stellar Event Horizon Zone #10,Sir Crashes-A-Lot,Great Gondola Domain #17,Mediocre Hufflepuff Territory #14,Enchanted Charges-Hard Summit #11,Ice Rink With Delusions,Solar Matrioshka Moguls Powder Depot Delta #8,Winterfell Ski and Slay,Supernova Packet Loss Peak Snow Dome Beta #11,Plasma Ping Spike Plunge Complex #1,Metagalactic Matrix Moguls Base #6,Fake Snow Fantasy
Elon's Unfinished Mars Resort,0.0,2029.81,2029.64,2029.47,2029.3,2029.13,2028.96,2028.79,2028.62,2028.45,2028.28,2028.11,2027.94,2027.77,2027.6,2027.43,2027.26,2027.09,2026.92,2026.75,2026.58,2026.41,2026.24,2026.07,2025.9,2025.73,2025.56,2025.39,2025.22,2025.05,2024.88,2024.71,2024.54,2024.37,2024.2,2024.03,2023.86,2023.69,2023.52,2023.35,2023.18,2023.01,2022.84,2022.67,2022.5,2022.33,2022.16,2021.99,2021.82,2021.65,2021.48,2021.31,2021.14,2020.97,2020.8,2020.63,2020.46,2020.29,2020.12,2019.95,2019.78,2019.61,2019.44,2019.27,2019.1,2018.93,2018.76,2018.59,2018.42,2018.25,2018.08,2017.91,2017.74,2017.57,2017.4,2017.23,2017.06,2016.89,2016.72,2016.55
404 Resort Not Found,2029.81,0.0,2029.81,2029.71,2029.61,2029.51,2029.41,2029.31,2029.21,2029.11,2029.01,2028.91,2028.81,2028.71,2028.61,2028.51,2028.41,2028.31,2028.21,2028.11,2028.01,2027.91,2027.81,2027.71,2027.61,2027.51,2027.41,2027.31,2027.21,2027.11,2027.01,2026.91,2026.81,2026.71,2026.61,2026.51,2026.41,2026.31,2026.21,2026.11,2026.01,2025.91,2025.81,2025.71,2025.61,2025.51,2025.41,2025.31,2025.21,2025.11,2025.01,2024.91,2024.81,2024.71,2024.61,2024.51,2024.41,2024.31,2024.21,2024.11,2024.01,2023.91,2023.81,2023.71,2023.61,2023.51,2023.41,2023.31,2023.21,2023.11,2023.01,2022.91,2022.81,2022.71,2022.61,2022.51,2022.41,2022.31,2022.21,2022.11
Count Wobble Basin #3,2029.64,2029.81,0.0,2029.95,2029.92,2029.89,2029.86,2029.83,2029.8,2029.77,2029.74,2029.71,2029.68,2029.65,2029.62,2029.59,2029.56,2029.53,2029.5,2029.47,2029.44,2029.41,2029.38,2029.35,2029.32,2029.29,2029.26,2029.23,2029.2,2029.17,2029.14,2029.11,2029.08,2029.05,2029.02,2028.99,2028.96,2028.93,2028.9,2028.87,2028.84,2028.81,2028.78,2028.75,2028.72,2028.69,2028.66,2028.63,2028.6,2028.57,2028.54,2028.51,2028.48,2028.45,2028.42,2028.39,2028.36,2028.33,2028.3,2028.27,2028.24,2028.21,2028.18,2028.15,2028.12,2028.09,2028.06,2028.03,2028.0,2027.97,2027.94,2027.91,2027.88,2027.85,2027.82,2027.79,2027.76,2027.73,2027.7,2027.67
Hoth Extreme Winter Sports Complex,2029.47,2029.71,2029.95,0.0,10.25,10.29,10.33,10.37,10.41,10.45,10.49,10.53,10.57,10.61,10.65,10.69,10.73,10.77,10.81,10.85,10.89,10.93,10.97,11.01,11.05,11.09,11.13,11.17,11.21,11.25,11.29,11.33,11.37,11.41,11.45,11.49,11.53,11.57,11.61,11.65,11.69,11.73,11.77,11.81,11.85,11.89,11.93,11.97,12.01,12.05,12.09,12.13,12.17,12.21,12.25,12.29,12.33,12.37,12.41,12.45,12.49,12.53,12.57,12.61,12.65,12.69,12.73,12.77,12.81,12.85,12.89,12.93,12.97,13.01,13.05,13.09,13.13,13.17,13.21,13.25
Ski Karen's Peak,2029.3,2029.61,2029.92,10.25,0.0,10.67,10.78,10.89,11.0,11.11,11.22,11.33,11.44,11.55,11.66,11.77,11.88,11.99,12.1,12.21,12.32,12.43,12.54,12.65,12.76,12.87,12.98,13.09,13.2,13.31,13.42,13.53,13.64,13.75,13.86,13.97,14.08,14.19,14.3,14.41,14.52,14.63,14.74,14.85,14.96,15.07,15.18,15.29,15.4,15.51,15.62,15.73,15.84,15.95,16.06,16.17,16.28,16.39,16.5,16.61,16.72,16.83,16.94,17.05,17.16,17.27,17.38,17.49,17.6,17.71,17.82,17.93,18.04,18.15,18.26,18.37,18.48,18.59,18.7,18.81
Blessed Powder Keg Ridge #16,2029.13,2029.51,2029.89,10.29,10.67,0.0,11.23,11.41,11.59,11.77,11.95,12.13,12.31,12.49,12.67,12.85,13.03,13.21,13.39,13.57,13.75,13.93,14.11,14.29,14.47,14.65,14.83,15.01,15.19,15.37,15.55,15.73,15.91,16.09,16.27,16.45,16.63,16.81,16.99,17.17,17.35,17.53,17.71,17.89,18.07,18.25,18.43,18.61,18.79,18.97,19.15,19.33,19.51,19.69,19.87,20.05,20.23,20.41,20.59,20.77,20.95,21.13,21.31,21.49,21.67,21.85,22.03,22.21,22.39,22.57,22.75,22.93,23.11,23.29,23.47,23.65,23.83,24.01,24.19,24.37
Tsar Shredovich,2028.96,2029.41,2029.86,10.33,10.78,11.23,0.0,11.93,12.18,12.43,12.68,12.93,13.18,13.43,13.68,13.93,14.18,14.43,14.68,14.93,15.18,15.43,15.68,15.93,16.18,16.43,16.68,16.93,17.18,17.43,17.68,17.93,18.18,18.43,18.68,18.93,19.18,19.43,19.68,19.93,20.18,20.43,20.68,20.93,21.18,21.43,21.68,21.93,22.18,22.43,22.68,22.93,23.18,23.43,23.68,23.93,24.18,24.43,24.68,24.93,25.18,25.43,25.68,25.93,26.18,26.43,26.68,26.93,27.18,27.43,27.68,27.93,28.18,28.43,28.68,28.93,29.18,29.43,29.68,29.93
Ambulance Alley,2028.79,2029.31,2029.83,10.37,10.89,11.41,11.93,0.0,12.77,13.09,13.41,13.73,14.05,14.37,14.69,15.01,15.33,15.65,15.97,16.29,16.61,16.93,17.25,17.57,17.89,18.21,18.53,18.85,19.17,19.49,19.81,20.13,20.45,20.77,21.09,21.41,21.73,22.05,22.37,22.69,23.01,23.33,23.65,23.97,24.29,24.61,24.93,25.25,25.57,25.89,26.21,26.53,26.85,27.17,27.49,27.81,28.13,28.45,28.77,29.09,29.41,29.73,30.05,30.37,30.69,31.01,31.33,31.65,31.97,32.29,32.61,32.93,33.25,33.57,33.89,34.21,34.53,34.85,35.17,35.49
AI-Generated Slope (May Hallucinate),2028.62,2029.21,2029.8,10.41,11.0,11.59,12.18,12.77,0.0,13.75,14.14,14.53,14.92,15.31,15.7,16.09,16.48,16.87,17.26,17.65,18.04,18.43,18.82,19.21,19.6,19.99,20.38,20.77,21.16,21.55,21.94,22.33,22.72,23.11,23.5,23.89,24.28,24.67,25.06,25.45,25.84,26.23,26.62,27.01,27.4,27.79,28.18,28.57,28.96,29.35,29.74,30.13,30.52,30.91,31.3,31.69,32.08,32.47,32.86,33.25,33.64,34.03,34.42,34.81,35.2,35.59,35.98,36.37,36.76,37.15,37.54,37.93,38.32,38.71,39.1,39.49,39.88,40.27,40.66,41.05
Plasma Time Dilation Drop Void #7,2028.45,2029.11,2029.77,10.45,11.11,11.77,12.43,13.09,13.75,0.0,14.87,15.33,15.79,16.25,16.71,17.17,17.63,18.09,18.55,19.01,19.47,19.93,20.39,20.85,21.31,21.77,22.23,22.69,23.15,23.61,24.07,24.53,24.99,25.45,25.91,26.37,26.83,27.29,27.75,28.21,28.67,29.13,29.59,30.05,30.51,30.97,31.43,31.89,32.35,32.81,33.27,33.73,34.19,34.65,35.11,35.57,36.03,36.49,36.95,37.41,37.87,38.33,38.79,39.25,39.71,40.17,40.63,41.09,41.55,42.01,42.47,42.93,43.39,43.85,44.31,44.77,45.23,45.69,46.15,46.61
Space Karen's Galactic Shred Zone,2028.28,2029.01,2029.74,10.49,11.22,11.95,12.68,13.41,14.14,14.87,0.0,16.13,16.66,17.19,17.72,18.25,18.78,19.31,19.84,20.37,20.9,21.43,21.96,22.49,23.02,23.55,24.08,24.61,25.14,25.67,26.2,26.73,27.26,27.79,28.32,28.85,29.38,29.91,30.44,30.97,31.5,32.03,32.56,33.09,33.62,34.15,34.68,35.21,35.74,36.27,36.8,37.33,37.86,38.39,38.92,39.45,39.98,40.51,41.04,41.57,42.1,42.63,43.16,43.69,44.22,44.75,45.28,45.81,46.34,46.87,47.4,47.93,48.46,48.99,49.52,50.05,50.58,51.11,51.64,52.17
Monsieur Le Mogul,2028.11,2028.91,2029.71,10.53,11.33,12.13,12.93,13.73,14.53,15.33,16.13,0.0,17.53,18.13,18.73,19.33,19.93,20.53,21.13,21.73,22.33,22.93,23.53,24.13,24.73,25.33,25.93,26.53,27.13,27.73,28.33,28.93,29.53,30.13,30.73,31.33,31.93,32.53,33.13,33.73,34.33,34.93,35.53,36.13,36.73,37.33,37.93,38.53,39.13,39.73,40.33,40.93,41.53,42.13,42.73,43.33,43.93,44.53,45.13,45.73,46.33,46.93,47.53,48.13,48.73,49.33,49.93,50.53,51.13,51.73,52.33,52.93,53.53,54.13,54.73,55.33,55.93,56.53,57.13,57.73
The NFT Ski Lodge (Worthless Now),2027.94,2028.81,2029.68,10.57,11.44,12.31,13.18,14.05,14.92,15.79,16.66,17.53,0.0,19.07,19.74,20.41,21.08,21.75,22.42,23.09,23.76,24.43,25.1,25.77,26.44,27.11,27.78,28.45,29.12,29.79,30.46,31.13,31.8,32.47,33.14,33.81,34.48,35.15,35.82,36.49,37.16,37.83,38.5,39.17,39.84,40.51,41.18,41.85,42.52,43.19,43.86,44.53,45.2,45.87,46.54,47.21,47.88,48.55,49.22,49.89,50.56,51.23,51.9,52.57,53.24,53.91,54.58,55.25,55.92,56.59,57.26,57.93,58.6,59.27,59.94,60.61,61.28,61.95,62.62,63.29
Antimatter Ice Geyser Glades Resort #2,2027.77,2028.71,2029.65,10.61,11.55,12.49,13.43,14.37,15.31,16.25,17.19,18.13,19.07,0.0,20.75,21.49,22.23,22.97,23.71,24.45,25.19,25.93,26.67,27.41,28.15,28.89,29.63,30.37,31.11,31.85,32.59,33.33,34.07,34.81,35.55,36.29,37.03,37.77,38.51,39.25,39.99,40.73,41.47,42.21,42.95,43.69,44.43,45.17,45.91,46.65,47.39,48.13,48.87,49.61,50.35,51.09,51.83,52.57,53.31,54.05,54.79,55.53,56.27,57.01,57.75,58.49,59.23,59.97,60.71,61.45,62.19,62.93,63.67,64.41,65.15,65.89,66.63,67.37,68.11,68.85
Enceladus Geyser Halfpipe,2027.6,2028.61,2029.62,10.65,11.66,12.67,13.68,14.69,15.7,16.71,17.72,18.73,19.74,20.75,0.0,22.57,23.38,24.19,25.0,25.81,26.62,27.43,28.24,29.05,29.86,30.67,31.48,32.29,33.1,33.91,34.72,35.53,36.34,37.15,37.96,38.77,39.58,40.39,41.2,42.01,42.82,43.63,44.44,45.25,46.06,46.87,47.68,48.49,49.3,50.11,50.92,51.73,52.54,53.35,54.16,54.97,55.78,56.59,57.4,58.21,59.02,59.83,60.64,61.45,62.26,63.07,63.88,64.69,65.5,66.31,67.12,67.93,68.74,69.55,70.36,71.17,71.98,72.79,73.6,74.41
The Mogul That Broke My Hip,2027.43,2028.51,2029.59,10.69,11.77,12.85,13.93,15.01,16.09,17.17,18.25,19.33,20.41,21.49,22.57,0.0,24.53,25.41,26.29,27.17,28.05,28.93,29.81,30.69,31.57,32.45,33.33,34.21,35.09,35.97,36.85,37.73,38.61,39.49,40.37,41.25,42.13,43.01,43.89,44.77,45.65,46.53,47.41,48.29,49.17,50.05,50.93,51.81,52.69,53.57,54.45,55.33,56.21,57.09,57.97,58.85,59.73,60.61,61.49,62.37,63.25,64.13,65.01,65.89,66.77,67.65,68.53,69.41,70.29,71.17,72.05,72.93,73.81,74.69,75.57,76.45,77.33,78.21,79.09,79.97
Premium Green Circle Mountain #0,2027.26,2028.41,2029.56,10.73,11.88,13.03,14.18,15.33,16.48,17.63,18.78,19.93,21.08,22.23,23.38,24.53,0.0,26.63,27.58,28.53,29.48,30.43,31.38,32.33,33.28,34.23,35.18,36.13,37.08,38.03,38.98,39.93,40.88,41.83,42.78,43.73,44.68,45.63,46.58,47.53,48.48,49.43,50.38,51.33,52.28,53.23,54.18,55.13,56.08,57.03,57.98,58.93,59.88,60.83,61.78,62.73,63.68,64.63,65.58,66.53,67.48,68.43,69.38,70.33,71.28,72.23,73.18,74.13,75.08,76.03,76.98,77.93,78.88,79.83,80.78,81.73,82.68,83.63,84.58,85.53
The Bunny Slope that Never Ends,2027.09,2028.31,2029.53,10.77,11.99,13.21,14.43,15.65,16.87,18.09,19.31,20.53,21.75,22.97,24.19,25.41,26.63,0.0,28.87,29.89,30.91,31.93,32.95,33.97,34.99,36.01,37.03,38.05,39.07,40.09,41.11,42.13,43.15,44.17,45.19,46.21,47.23,48.25,49.27,50.29,51.31,52.33,53.35,54.37,55.39,56.41,57.43,58.45,59.47,60.49,61.51,62.53,63.55,64.57,65.59,66.61,67.63,68.65,69.67,70.69,71.71,72.73,73.75,74.77,75.79,76.81,77.83,78.85,79.87,80.89,81.91,82.93,83.95,84.97,85.99,87.01,88.03,89.05,90.07,91.09
Herr Doktor Von Snowplow,2026.92,2028.21,2029.5,10.81,12.1,13.39,14.68,15.97,17.26,18.55,19.84,21.13,22.42,23.71,25.0,26.29,27.58,28.87,0.0,31.25,32.34,33.43,34.52,35.61,36.7,37.79,38.88,39.97,41.06,42.15,43.24,44.33,45.42,46.51,47.6,48.69,49.78,50.87,51.96,53.05,54.14,55.23,56.32,57.41,58.5,59.59,60.68,61.77,62.86,63.95,65.04,66.13,67.22,68.31,69.4,70.49,71.58,72.67,73.76,74.85,75.94,77.03,78.12,79.21,80.3,81.39,82.48,83.57,84.66,85.75,86.84,87.93,89.02,90.11,91.2,92.29,93.38,94.47,95.56,96.65
Hyper Pretzel Lodge #8,2026.75,2028.11,2029.47,10.85,12.21,13.57,14.93,16.29,17.65,19.01,20.37,21.73,23.09,24.45,25.81,27.17,28.53,29.89,31.25,0.0,33.77,34.93,36.09,37.25,38.41,39.57,40.73,41.89,43.05,44.21,45.37,46.53,47.69,48.85,50.01,51.17,52.33,53.49,54.65,55.81,56.97,58.13,59.29,60.45,61.61,62.77,63.93,65.09,66.25,67.41,68.57,69.73,70.89,72.05,73.21,74.37,75.53,76.69,77.85,79.01,80.17,81.33,82.49,83.65,84.81,85.97,87.13,88.29,89.45,90.61,91.77,92.93,94.09,95.25,96.41,97.57,98.73,99.89,101.05,102.21
Betelgeuse Before It Explodes,2026.58,2028.01,2029.44,10.89,12.32,13.75,15.18,16.61,18.04,19.47,20.9,22.33,23.76,25.19,26.62,28.05,29.48,30.91,32.34,33.77,0.0,36.43,37.66,38.89,40.12,41.35,42.58,43.81,45.04,46.27,47.5,48.73,49.96,51.19,52.42,53.65,54.88,56.11,57.34,58.57,59.8,61.03,62.26,63.49,64.72,65.95,67.18,68.41,69.64,70.87,72.1,73.33,74.56,75.79,77.02,78.25,79.48,80.71,81.94,83.17,84.4,85.63,86.86,88.09,89.32,90.55,91.78,93.01,94.24,95.47,96.7,97.93,99.16,100.39,101.62,102.85,104.08,105.31,106.54,107.77
Insurance Claim Bowl,2026.41,2027.91,2029.41,10.93,12.43,13.93,15.43,16.93,18.43,19.93,21.43,22.93,24.43,25.93,27.43,28.93,30.43,31.93,33.43,34.93,36.43,0.0,39.23,40.53,41.83,43.13,44.43,45.73,47.03,48.33,49.63,50.93,52.23,53.53,54.83,56.13,57.43,58.73,60.03,61.33,62.63,63.93,65.23,66.53,67.83,69.13,70.43,71.73,73.03,74.33,75.63,76.93,78.23,79.53,80.83,82.13,83.43,84.73,86.03,87.33,88.63,89.93,91.23,92.53,93.83,95.13,96.43,97.73,99.03,100.33,101.63,102.93,104.23,105.53,106.83,108.13,109.43,110.73,112.03,113.33
Rock Bottom Resort,2026.24,2027.81,2029.38,10.97,12.54,14.11,15.68,17.25,18.82,20.39,21.96,23.53,25.1,26.67,28.24,29.81,31.38,32.95,34.52,36.09,37.66,39.23,0.0,42.17,43.54,44.91,46.28,47.65,49.02,50.39,51.76,53.13,54.5,55.87,57.24,58.61,59.98,61.35,62.72,64.09,65.46,66.83,68.2,69.57,70.94,72.31,73.68,75.05,76.42,77.79,79.16,80.53,81.9,83.27,84.64,86.01,87.38,88.75,90.12,91.49,92.86,94.23,95.6,96.97,98.34,99.71,101.08,102.45,103.82,105.19,106.56,107.93,109.3,110.67,112.04,113.41,114.78,116.15,117.52,118.89
Europa Slushpuppy Express,2026.07,2027.71,2029.35,11.01,12.65,14.29,15.93,17.57,19.21,20.85,22.49,24.13,25.77,27.41,29.05,30.69,32.33,33.97,35.61,37.25,38.89,40.53,42.17,0.0,45.25,46.69,48.13,49.57,51.01,52.45,53.89,55.33,56.77,58.21,59.65,61.09,62.53,63.97,65.41,66.85,68.29,69.73,71.17,72.61,74.05,75.49,76.93,78.37,79.81,81.25,82.69,84.13,85.57,87.01,88.45,89.89,91.33,92.77,94.21,95.65,97.09,98.53,99.97,101.41,102.85,104.29,105.73,107.17,108.61,110.05,111.49,112.93,114.37,115.81,117.25,118.69,120.13,121.57,123.01,124.45
Discount Ragdoll Peak #1,2025.9,2027.61,2029.32,11.05,12.76,14.47,16.18,17.89,19.6,21.31,23.02,24.73,26.44,28.15,29.86,31.57,33.28,34.99,36.7,38.41,40.12,41.83,43.54,45.25,0.0,48.47,49.98,51.49,53.0,54.51,56.02,57.53,59.04,60.55,62.06,63.57,65.08,66.59,68.1,69.61,71.12,72.63,74.14,75.65,77.16,78.67,80.18,81.69,83.2,84.71,86.22,87.73,89.24,90.75,92.26,93.77,95.28,96.79,98.3,99.81,101.32,102.83,104.34,105.85,107.36,108.87,110.38,111.89,113.4,114.91,116.42,117.93,119.44,120.95,122.46,123.97,125.48,126.99,128.5,130.01
Orbital Liquid Nitrogen Lanes Wilderness #5,2025.73,2027.51,2029.29,11.09,12.87,14.65,16.43,18.21,19.99,21.77,23.55,25.33,27.11,28.89,30.67,32.45,34.23,36.01,37.79,39.57,41.35,43.13,44.91,46.69,48.47,0.0,51.83,53.41,54.99,56.57,58.15,59.73,61.31,62.89,64.47,66.05,67.63,69.21,70.79,72.37,73.95,75.53,77.11,78.69,80.27,81.85,83.43,85.01,86.59,88.17,89.75,91.33,92.91,94.49,96.07,97.65,99.23,100.81,102.39,103.97,105.55,107.13,108.71,110.29,111.87,113.45,115.03,116.61,118.19,119.77,121.35,122.93,124.51,126.09,127.67,129.25,130.83,132.41,133.99,135.57
Flat Earth Ski Resort,2025.56,2027.41,2029.26,11.13,12.98,14.83,16.68,18.53,20.38,22.23,24.08,25.93,27.78,29.63,31.48,33.33,35.18,37.03,38.88,40.73,42.58,44.43,46.28,48.13,49.98,51.83,0.0,55.33,56.98,58.63,60.28,61.93,63.58,65.23,66.88,68.53,70.18,71.83,73.48,75.13,76.78,78.43,80.08,81.73,83.38,85.03,86.68,88.33,89.98,91.63,93.28,94.93,96.58,98.23,99.88,101.53,103.18,104.83,106.48,108.13,109.78,111.43,113.08,114.73,116.38,118.03,119.68,121.33,122.98,124.63,126.28,127.93,129.58,131.23,132.88,134.53,136.18,137.83,139.48,141.13
General Snowpack Crest #2,2025.39,2027.31,2029.23,11.17,13.09,15.01,16.93,18.85,20.77,22.69,24.61,26.53,28.45,30.37,32.29,34.21,36.13,38.05,39.97,41.89,43.81,45.73,47.65,49.57,51.49,53.41,55.33,0.0,58.97,60.69,62.41,64.13,65.85,67.57,69.29,71.01,72.73,74.45,76.17,77.89,79.61,81.33,83.05,84.77,86.49,88.21,89.93,91.65,93.37,95.09,96.81,98.53,100.25,101.97,103.69,105.41,107.13,108.85,110.57,112.29,114.01,115.73,117.45,119.17,120.89,122.61,124.33,126.05,127.77,129.49,131.21,132.93,134.65,136.37,138.09,139.81,141.53,143.25,144.97,146.69
Mount Disappointment,2025.22,2027.21,2029.2,11.21,13.2,15.19,17.18,19.17,21.16,23.15,25.14,27.13,29.12,31.11,33.1,35.09,37.08,39.07,41.06,43.05,45.04,47.03,49.02,51.01,53.0,54.99,56.98,58.97,0.0,62.75,64.54,66.33,68.12,69.91,71.7,73.49,75.28,77.07,78.86,80.65,82.44,84.23,86.02,87.81,89.6,91.39,93.18,94.97,96.76,98.55,100.34,102.13,103.92,105.71,107.5,109.29,111.08,112.87,114.66,116.45,118.24,120.03,121.82,123.61,125.4,127.19,128.98,130.77,132.56,134.35,136.14,137.93,139.72,141.51,143.3,145.09,146.88,148.67,150.46,152.25
Mount Hubris,2025.05,2027.11,2029.17,11.25,13.31,15.37,17.43,19.49,21.55,23.61,25.67,27.73,29.79,31.85,33.91,35.97,38.03,40.09,42.15,44.21,46.27,48.33,50.39,52.45,54.51,56.57,58.63,60.69,62.75,0.0,66.67,68.53,70.39,72.25,74.11,75.97,77.83,79.69,81.55,83.41,85.27,87.13,88.99,90.85,92.71,94.57,96.43,98.29,100.15,102.01,103.87,105.73,107.59,109.45,111.31,113.17,115.03,116.89,118.75,120.61,122.47,124.33,126.19,128.05,129.91,131.77,133.63,135.49,137.35,139.21,141.07,142.93,144.79,146.65,148.51,150.37,152.23,154.09,155.95,157.81
Olympus Mons Bunny Slope (Its 22km Tall),2024.88,2027.01,2029.14,11.29,13.42,15.55,17.68,19.81,21.94,24.07,26.2,28.33,30.46,32.59,34.72,36.85,38.98,41.11,43.24,45.37,47.5,49.63,51.76,53.89,56.02,58.15,60.28,62.41,64.54,66.67,0.0,70.73,72.66,74.59,76.52,78.45,80.38,82.31,84.24,86.17,88.1,90.03,91.96,93.89,95.82,97.75,99.68,101.61,103.54,105.47,107.4,109.33,111.26,113.19,115.12,117.05,118.98,120.91,122.84,124.77,126.7,128.63,130.56,132.49,134.42,136.35,138.28,140.21,142.14,144.07,146.0,147.93,149.86,151.79,153.72,155.65,157.58,159.51,161.44,163.37
Mustafar Lava Skiing (10/10 Extreme),2024.71,2026.91,2029.11,11.33,13.53,15.73,17.93,20.13,22.33,24.53,26.73,28.93,31.13,33.33,35.53,37.73,39.93,42.13,44.33,46.53,48.73,50.93,53.13,55.33,57.53,59.73,61.93,64.13,66.33,68.53,70.73,0.0,74.93,76.93,78.93,80.93,82.93,84.93,86.93,88.93,90.93,92.93,94.93,96.93,98.93,100.93,102.93,104.93,106.93,108.93,110.93,112.93,114.93,116.93,118.93,120.93,122.93,124.93,126.93,128.93,130.93,132.93,134.93,136.93,138.93,140.93,142.93,144.93,146.93,148.93,150.93,152.93,154.93,156.93,158.93,160.93,162.93,164.93,166.93,168.93
Mediocre Mountain,2024.54,2026.81,2029.08,11.37,13.64,15.91,18.18,20.45,22.72,24.99,27.26,29.53,31.8,34.07,36.34,38.61,40.88,43.15,45.42,47.69,49.96,52.23,54.5,56.77,59.04,61.31,63.58,65.85,68.12,70.39,72.66,74.93,0.0,79.27,81.34,83.41,85.48,87.55,89.62,91.69,93.76,95.83,97.9,99.97,102.04,104.11,106.18,108.25,110.32,112.39,114.46,116.53,118.6,120.67,122.74,124.81,126.88,128.95,131.02,133.09,135.16,137.23,139.3,141.37,143.44,145.51,147.58,149.65,151.72,153.79,155.86,157.93,160.0,162.07,164.14,166.21,168.28,170.35,172.42,174.49
Slightly Uphill Area,2024.37,2026.71,2029.05,11.41,13.75,16.09,18.43,20.77,23.11,25.45,27.79,30.13,32.47,34.81,37.15,39.49,41.83,44.17,46.51,48.85,51.19,53.53,55.87,58.21,60.55,62.89,65.23,67.57,69.91,72.25,74.59,76.93,79.27,0.0,83.75,85.89,88.03,90.17,92.31,94.45,96.59,98.73,100.87,103.01,105.15,107.29,109.43,111.57,113.71,115.85,117.99,120.13,122.27,124.41,126.55,128.69,130.83,132.97,135.11,137.25,139.39,141.53,143.67,145.81,147.95,150.09,152.23,154.37,156.51,158.65,160.79,162.93,165.07,167.21,169.35,171.49,173.63,175.77,177.91,180.05
The Wall (No Lifts North of It),2024.2,2026.61,2029.02,11.45,13.86,16.27,18.68,21.09,23.5,25.91,28.32,30.73,33.14,35.55,37.96,40.37,42.78,45.19,47.6,50.01,52.42,54.83,57.24,59.65,62.06,64.47,66.88,69.29,71.7,74.11,76.52,78.93,81.34,83.75,0.0,88.37,90.58,92.79,95.0,97.21,99.42,101.63,103.84,106.05,108.26,110.47,112.68,114.89,117.1,119.31,121.52,123.73,125.94,128.15,130.36,132.57,134.78,136.99,139.2,141.41,143.62,145.83,148.04,150.25,152.46,154.67,156.88,159.09,161.3,163.51,165.72,167.93,170.14,172.35,174.56,176.77,178.98,181.19,183.4,185.61
Schrodinger's Ski Slope,2024.03,2026.51,2028.99,11.49,13.97,16.45,18.93,21.41,23.89,26.37,28.85,31.33,33.81,36.29,38.77,41.25,43.73,46.21,48.69,51.17,53.65,56.13,58.61,61.09,63.57,66.05,68.53,71.01,73.49,75.97,78.45,80.93,83.41,85.89,88.37,0.0,93.13,95.41,97.69,99.97,102.25,104.53,106.81,109.09,111.37,113.65,115.93,118.21,120.49,122.77,125.05,127.33,129.61,131.89,134.17,136.45,138.73,141.01,143.29,145.57,147.85,150.13,152.41,154.69,156.97,159.25,161.53,163.81,166.09,168.37,170.65,172.93,175.21,177.49,179.77,182.05,184.33,186.61,188.89,191.17
The Double Black That Ate Tourists,2023.86,2026.41,2028.96,11.53,14.08,16.63,19.18,21.73,24.28,26.83,29.38,31.93,34.48,37.03,39.58,42.13,44.68,47.23,49.78,52.33,54.88,57.43,59.98,62.53,65.08,67.63,70.18,72.73,75.28,77.83,80.38,82.93,85.48,88.03,90.58,93.13,0.0,98.03,100.38,102.73,105.08,107.43,109.78,112.13,114.48,116.83,119.18,121.53,123.88,126.23,128.58,130.93,133.28,135.63,137.98,140.33,142.68,145.03,147.38,149.73,152.08,154.43,156.78,159.13,161.48,163.83,166.18,168.53,170.88,173.23,175.58,177.93,180.28,182.63,184.98,187.33,189.68,192.03,194.38,196.73
Frozen Sauron Territory #13,2023.69,2026.31,2028.93,11.57,14.19,16.81,19.43,22.05,24.67,27.29,29.91,32.53,35.15,37.77,40.39,43.01,45.63,48.25,50.87,53.49,56.11,58.73,61.35,63.97,66.59,69.21,71.83,74.45,77.07,79.69,82.31,84.93,87.55,90.17,92.79,95.41,98.03,0.0,103.07,105.49,107.91,110.33,112.75,115.17,117.59,120.01,122.43,124.85,127.27,129.69,132.11,134.53,136.95,139.37,141.79,144.21,146.63,149.05,151.47,153.89,156.31,158.73,161.15,163.57,165.99,168.41,170.83,173.25,175.67,178.09,180.51,182.93,185.35,187.77,190.19,192.61,195.03,197.45,199.87,202.29
Overrated Noodle Valley #9,2023.52,2026.21,2028.9,11.61,14.3,16.99,19.68,22.37,25.06,27.75,30.44,33.13,35.82,38.51,41.2,43.89,46.58,49.27,51.96,54.65,57.34,60.03,62.72,65.41,68.1,70.79,73.48,76.17,78.86,81.55,84.24,86.93,89.62,92.31,95.0,97.69,100.38,103.07,0.0,108.25,110.74,113.23,115.72,118.21,120.7,123.19,125.68,128.17,130.66,133.15,135.64,138.13,140.62,143.11,145.6,148.09,150.58,153.07,155.56,158.05,160.54,163.03,165.52,168.01,170.5,172.99,175.48,177.97,180.46,182.95,185.44,187.93,190.42,192.91,195.4,197.89,200.38,202.87,205.36,207.85
Grand Binding Heights #12,2023.35,2026.11,2028.87,11.65,14.41,17.17,19.93,22.69,25.45,28.21,30.97,33.73,36.49,39.25,42.01,44.77,47.53,50.29,53.05,55.81,58.57,61.33,64.09,66.85,69.61,72.37,75.13,77.89,80.65,83.41,86.17,88.93,91.69,94.45,97.21,99.97,102.73,105.49,108.25,0.0,113.57,116.13,118.69,121.25,123.81,126.37,128.93,131.49,134.05,136.61,139.17,141.73,144.29,146.85,149.41,151.97,154.53,157.09,159.65,162.21,164.77,167.33,169.89,172.45,175.01,177.57,180.13,182.69,185.25,187.81,190.37,192.93,195.49,198.05,200.61,203.17,205.73,208.29,210.85,213.41
Dark Matter Ekpyrotic Edge Platform #4,2023.18,2026.01,2028.84,11.69,14.52,17.35,20.18,23.01,25.84,28.67,31.5,34.33,37.16,39.99,42.82,45.65,48.48,51.31,54.14,56.97,59.8,62.63,65.46,68.29,71.12,73.95,76.78,79.61,82.44,85.27,88.1,90.93,93.76,96.59,99.42,102.25,105.08,107.91,110.74,113.57,0.0,119.03,121.66,124.29,126.92,129.55,132.18,134.81,137.44,140.07,142.7,145.33,147.96,150.59,153.22,155.85,158.48,161.11,163.74,166.37,169.0,171.63,174.26,176.89,179.52,182.15,184.78,187.41,190.04,192.67,195.3,197.93,200.56,203.19,205.82,208.45,211.08,213.71,216.34,218.97
Bikini Bottom Ice Cap,2023.01,2025.91,2028.81,11.73,14.63,17.53,20.43,23.33,26.23,29.13,32.03,34.93,37.83,40.73,43.63,46.53,49.43,52.33,55.23,58.13,61.03,63.93,66.83,69.73,72.63,75.53,78.43,81.33,84.23,87.13,90.03,92.93,95.83,98.73,101.63,104.53,107.43,110.33,113.23,116.13,119.03,0.0,124.63,127.33,130.03,132.73,135.43,138.13,140.83,143.53,146.23,148.93,151.63,154.33,157.03,159.73,162.43,165.13,167.83,170.53,173.23,175.93,178.63,181.33,184.03,186.73,189.43,192.13,194.83,197.53,200.23,202.93,205.63,208.33,211.03,213.73,216.43,219.13,221.83,224.53
Ski Patrol's Nightmare,2022.84,2025.81,2028.78,11.77,14.74,17.71,20.68,23.65,26.62,29.59,32.56,35.53,38.5,41.47,44.44,47.41,50.38,53.35,56.32,59.29,62.26,65.23,68.2,71.17,74.14,77.11,80.08,83.05,86.02,88.99,91.96,94.93,97.9,100.87,103.84,106.81,109.78,112.75,115.72,118.69,121.66,124.63,0.0,130.37,133.14,135.91,138.68,141.45,144.22,146.99,149.76,152.53,155.3,158.07,160.84,163.61,166.38,169.15,171.92,174.69,177.46,180.23,183.0,185.77,188.54,191.31,194.08,196.85,199.62,202.39,205.16,207.93,210.7,213.47,216.24,219.01,221.78,224.55,227.32,230.09
Season Pass Regret,2022.67,2025.71,2028.75,11.81,14.85,17.89,20.93,23.97,27.01,30.05,33.09,36.13,39.17,42.21,45.25,48.29,51.33,54.37,57.41,60.45,63.49,66.53,69.57,72.61,75.65,78.69,81.73,84.77,87.81,90.85,93.89,96.93,99.97,103.01,106.05,109.09,112.13,115.17,118.21,121.25,124.29,127.33,130.37,0.0,136.25,139.09,141.93,144.77,147.61,150.45,153.29,156.13,158.97,161.81,164.65,167.49,170.33,173.17,176.01,178.85,181.69,184.53,187.37,190.21,193.05,195.89,198.73,201.57,204.41,207.25,210.09,212.93,215.77,218.61,221.45,224.29,227.13,229.97,232.81,235.65
Lunar 500 Internal Server Terror Gnar Lab Zeta #9,2022.5,2025.61,2028.72,11.85,14.96,18.07,21.18,24.29,27.4,30.51,33.62,36.73,39.84,42.95,46.06,49.17,52.28,55.39,58.5,61.61,64.72,67.83,70.94,74.05,77.16,80.27,83.38,86.49,89.6,92.71,95.82,98.93,102.04,105.15,108.26,111.37,114.48,117.59,120.7,123.81,126.92,130.03,133.14,136.25,0.0,142.27,145.18,148.09,151.0,153.91,156.82,159.73,162.64,165.55,168.46,171.37,174.28,177.19,180.1,183.01,185.92,188.83,191.74,194.65,197.56,200.47,203.38,206.29,209.2,212.11,215.02,217.93,220.84,223.75,226.66,229.57,232.48,235.39,238.3,241.21
Flat Earther's Round Mountain,2022.33,2025.51,2028.69,11.89,15.07,18.25,21.43,24.61,27.79,30.97,34.15,37.33,40.51,43.69,46.87,50.05,53.23,56.41,59.59,62.77,65.95,69.13,72.31,75.49,78.67,81.85,85.03,88.21,91.39,94.57,97.75,100.93,104.11,107.29,110.47,113.65,116.83,120.01,123.19,126.37,129.55,132.73,135.91,139.09,142.27,0.0,148.43,151.41,154.39,157.37,160.35,163.33,166.31,169.29,172.27,175.25,178.23,181.21,184.19,187.17,190.15,193.13,196.11,199.09,202.07,205.05,208.03,211.01,213.99,216.97,219.95,222.93,225.91,228.89,231.87,234.85,237.83,240.81,243.79,246.77
Super Chairlift Cliff #7,2022.16,2025.41,2028.66,11.93,15.18,18.43,21.68,24.93,28.18,31.43,34.68,37.93,41.18,44.43,47.68,50.93,54.18,57.43,60.68,63.93,67.18,70.43,73.68,76.93,80.18,83.43,86.68,89.93,93.18,96.43,99.68,102.93,106.18,109.43,112.68,115.93,119.18,122.43,125.68,128.93,132.18,135.43,138.68,141.93,145.18,148.43,0.0,154.73,157.78,160.83,163.88,166.93,169.98,173.03,176.08,179.13,182.18,185.23,188.28,191.33,194.38,197.43,200.48,203.53,206.58,209.63,212.68,215.73,218.78,221.83,224.88,227.93,230.98,234.03,237.08,240.13,243.18,246.23,249.28,252.33
Luxury Wendigo Station #4,2021.99,2025.31,2028.63,11.97,15.29,18.61,21.93,25.25,28.57,31.89,35.21,38.53,41.85,45.17,48.49,51.81,55.13,58.45,61.77,65.09,68.41,71.73,75.05,78.37,81.69,85.01,88.33,91.65,94.97,98.29,101.61,104.93,108.25,111.57,114.89,118.21,121.53,124.85,128.17,131.49,134.81,138.13,141.45,144.77,148.09,151.41,154.73,0.0,161.17,164.29,167.41,170.53,173.65,176.77,179.89,183.01,186.13,189.25,192.37,195.49,198.61,201.73,204.85,207.97,211.09,214.21,217.33,220.45,223.57,226.69,229.81,232.93,236.05,239.17,242.29,245.41,248.53,251.65,254.77,257.89
Mordor Ash Skiing (Not Recommended),2021.82,2025.21,2028.6,12.01,15.4,18.79,22.18,25.57,28.96,32.35,35.74,39.13,42.52,45.91,49.3,52.69,56.08,59.47,62.86,66.25,69.64,73.03,76.42,79.81,83.2,86.59,89.98,93.37,96.76,100.15,103.54,106.93,110.32,113.71,117.1,120.49,123.88,127.27,130.66,134.05,137.44,140.83,144.22,147.61,151.0,154.39,157.78,161.17,0.0,167.75,170.94,174.13,177.32,180.51,183.7,186.89,190.08,193.27,196.46,199.65,202.84,206.03,209.22,212.41,215.6,218.79,221.98,225.17,228.36,231.55,234.74,237.93,241.12,244.31,247.5,250.69,253.88,257.07,260.26,263.45
The Singularity Ski Area (One Way Only),2021.65,2025.11,2028.57,12.05,15.51,18.97,22.43,25.89,29.35,32.81,36.27,39.73,43.19,46.65,50.11,53.57,57.03,60.49,63.95,67.41,70.87,74.33,77.79,81.25,84.71,88.17,91.63,95.09,98.55,102.01,105.47,108.93,112.39,115.85,119.31,122.77,126.23,129.69,133.15,136.61,140.07,143.53,146.99,150.45,153.91,157.37,160.83,164.29,167.75,0.0,174.47,177.73,180.99,184.25,187.51,190.77,194.03,197.29,200.55,203.81,207.07,210.33,213.59,216.85,220.11,223.37,226.63,229.89,233.15,236.41,239.67,242.93,246.19,249.45,252.71,255.97,259.23,262.49,265.75,269.01
Where's the Powder,2021.48,2025.01,2028.54,12.09,15.62,19.15,22.68,26.21,29.74,33.27,36.8,40.33,43.86,47.39,50.92,54.45,57.98,61.51,65.04,68.57,72.1,75.63,79.16,82.69,86.22,89.75,93.28,96.81,100.34,103.87,107.4,110.93,114.46,117.99,121.52,125.05,128.58,132.11,135.64,139.17,142.7,146.23,149.76,153.29,156.82,160.35,163.88,167.41,170.94,174.47,0.0,181.33,184.66,187.99,191.32,194.65,197.98,201.31,204.64,207.97,211.3,214.63,217.96,221.29,224.62,227.95,231.28,234.61,237.94,241.27,244.6,247.93,251.26,254.59,257.92,261.25,264.58,267.91,271.24,274.57
Narnia's Perpetual-Winter Resort,2021.31,2024.91,2028.51,12.13,15.73,19.33,22.93,26.53,30.13,33.73,37.33,40.93,44.53,48.13,51.73,55.33,58.93,62.53,66.13,69.73,73.33,76.93,80.53,84.13,87.73,91.33,94.93,98.53,102.13,105.73,109.33,112.93,116.53,120.13,123.73,127.33,130.93,134.53,138.13,141.73,145.33,148.93,152.53,156.13,159.73,163.33,166.93,170.53,174.13,177.73,181.33,0.0,188.33,191.73,195.13,198.53,201.93,205.33,208.73,212.13,215.53,218.93,222.33,225.73,229.13,232.53,235.93,239.33,242.73,246.13,249.53,252.93,256.33,259.73,263.13,266.53,269.93,273.33,276.73,280.13
Chad's Extremely Dangerous Cliffs,2021.14,2024.81,2028.48,12.17,15.84,19.51,23.18,26.85,30.52,34.19,37.86,41.53,45.2,48.87,52.54,56.21,59.88,63.55,67.22,70.89,74.56,78.23,81.9,85.57,89.24,92.91,96.58,100.25,103.92,107.59,111.26,114.93,118.6,122.27,125.94,129.61,133.28,136.95,140.62,144.29,147.96,151.63,155.3,158.97,162.64,166.31,169.98,173.65,177.32,180.99,184.66,188.33,0.0,195.47,198.94,202.41,205.88,209.35,212.82,216.29,219.76,223.23,226.7,230.17,233.64,237.11,240.58,244.05,247.52,250.99,254.46,257.93,261.4,264.87,268.34,271.81,275.28,278.75,282.22,285.69
Endor Ewok-Assisted Chairlift,2020.97,2024.71,2028.45,12.21,15.95,19.69,23.43,27.17,30.91,34.65,38.39,42.13,45.87,49.61,53.35,57.09,60.83,64.57,68.31,72.05,75.79,79.53,83.27,87.01,90.75,94.49,98.23,101.97,105.71,109.45,113.19,116.93,120.67,124.41,128.15,131.89,135.63,139.37,143.11,146.85,150.59,154.33,158.07,161.81,165.55,169.29,173.03,176.77,180.51,184.25,187.99,191.73,195.47,0.0,202.75,206.29,209.83,213.37,216.91,220.45,223.99,227.53,231.07,234.61,238.15,241.69,245.23,248.77,252.31,255.85,259.39,262.93,266.47,270.01,273.55,277.09,280.63,284.17,287.71,291.25
Tatooine Twin-Sun Slalom (No Snow),2020.8,2024.61,2028.42,12.25,16.06,19.87,23.68,27.49,31.3,35.11,38.92,42.73,46.54,50.35,54.16,57.97,61.78,65.59,69.4,73.21,77.02,80.83,84.64,88.45,92.26,96.07,99.88,103.69,107.5,111.31,115.12,118.93,122.74,126.55,130.36,134.17,137.98,141.79,145.6,149.41,153.22,157.03,160.84,164.65,168.46,172.27,176.08,179.89,183.7,187.51,191.32,195.13,198.94,202.75,0.0,210.17,213.78,217.39,221.0,224.61,228.22,231.83,235.44,239.05,242.66,246.27,249.88,253.49,257.1,260.71,264.32,267.93,271.54,275.15,278.76,282.37,285.98,289.59,293.2,296.81
Spicy Wobbly Bob Edge #10,2020.63,2024.51,2028.39,12.29,16.17,20.05,23.93,27.81,31.69,35.57,39.45,43.33,47.21,51.09,54.97,58.85,62.73,66.61,70.49,74.37,78.25,82.13,86.01,89.89,93.77,97.65,101.53,105.41,109.29,113.17,117.05,120.93,124.81,128.69,132.57,136.45,140.33,144.21,148.09,151.97,155.85,159.73,163.61,167.49,171.37,175.25,179.13,183.01,186.89,190.77,194.65,198.53,202.41,206.29,210.17,0.0,217.73,221.41,225.09,228.77,232.45,236.13,239.81,243.49,247.17,250.85,254.53,258.21,261.89,265.57,269.25,272.93,276.61,280.29,283.97,287.65,291.33,295.01,298.69,302.37
Alderaan (It Was Here Yesterday),2020.46,2024.41,2028.36,12.33,16.28,20.23,24.18,28.13,32.08,36.03,39.98,43.93,47.88,51.83,55.78,59.73,63.68,67.63,71.58,75.53,79.48,83.43,87.38,91.33,95.28,99.23,103.18,107.13,111.08,115.03,118.98,122.93,126.88,130.83,134.78,138.73,142.68,146.63,150.58,154.53,158.48,162.43,166.38,170.33,174.28,178.23,182.18,186.13,190.08,194.03,197.98,201.93,205.88,209.83,213.78,217.73,0.0,225.43,229.18,232.93,236.68,240.43,244.18,247.93,251.68,255.43,259.18,262.93,266.68,270.43,274.18,277.93,281.68,285.43,289.18,292.93,296.68,300.43,304.18,307.93
Wild Boot Ski Area #6,2020.29,2024.31,2028.33,12.37,16.39,20.41,24.43,28.45,32.47,36.49,40.51,44.53,48.55,52.57,56.59,60.61,64.63,68.65,72.67,76.69,80.71,84.73,88.75,92.77,96.79,100.81,104.83,108.85,112.87,116.89,120.91,124.93,128.95,132.97,136.99,141.01,145.03,149.05,153.07,157.09,161.11,165.13,169.15,173.17,177.19,181.21,185.23,189.25,193.27,197.29,201.31,205.33,209.35,213.37,217.39,221.41,225.43,0.0,233.27,237.09,240.91,244.73,248.55,252.37,256.19,260.01,263.83,267.65,271.47,275.29,279.11,282.93,286.75,290.57,294.39,298.21,302.03,305.85,309.67,313.49
Boson Event Horizon Facility #0,2020.12,2024.21,2028.3,12.41,16.5,20.59,24.68,28.77,32.86,36.95,41.04,45.13,49.22,53.31,57.4,61.49,65.58,69.67,73.76,77.85,81.94,86.03,90.12,94.21,98.3,102.39,106.48,110.57,114.66,118.75,122.84,126.93,131.02,135.11,139.2,143.29,147.38,151.47,155.56,159.65,163.74,167.83,171.92,176.01,180.1,184.19,188.28,192.37,196.46,200.55,204.64,208.73,212.82,216.91,221.0,225.09,229.18,233.27,0.0,241.25,245.14,249.03,252.92,256.81,260.7,264.59,268.48,272.37,276.26,280.15,284.04,287.93,291.82,295.71,299.6,303.49,307.38,311.27,315.16,319.05
Lord of the Bunny Slopes,2019.95,2024.11,2028.27,12.45,16.61,20.77,24.93,29.09,33.25,37.41,41.57,45.73,49.89,54.05,58.21,62.37,66.53,70.69,74.85,79.01,83.17,87.33,91.49,95.65,99.81,103.97,108.13,112.29,116.45,120.61,124.77,128.93,133.09,137.25,141.41,145.57,149.73,153.89,158.05,162.21,166.37,170.53,174.69,178.85,183.01,187.17,191.33,195.49,199.65,203.81,207.97,212.13,216.29,220.45,224.61,228.77,232.93,237.09,241.25,0.0,249.37,253.33,257.29,261.25,265.21,269.17,273.13,277.09,281.05,285.01,288.97,292.93,296.89,300.85,304.81,308.77,312.73,316.69,320.65,324.61
Lift Line Purgatory,2019.78,2024.01,2028.24,12.49,16.72,20.95,25.18,29.41,33.64,37.87,42.1,46.33,50.56,54.79,59.02,63.25,67.48,71.71,75.94,80.17,84.4,88.63,92.86,97.09,101.32,105.55,109.78,114.01,118.24,122.47,126.7,130.93,135.16,139.39,143.62,147.85,152.08,156.31,160.54,164.77,169.0,173.23,177.46,181.69,185.92,190.15,194.38,198.61,202.84,207.07,211.3,215.53,219.76,223.99,228.22,232.45,236.68,240.91,245.14,249.37,0.0,257.63,261.66,265.69,269.72,273.75,277.78,281.81,285.84,289.87,293.9,297.93,301.96,305.99,310.02,314.05,318.08,322.11,326.14,330.17
Sir Beanie Ledge #5,2019.61,2023.91,2028.21,12.53,16.83,21.13,25.43,29.73,34.03,38.33,42.63,46.93,51.23,55.53,59.83,64.13,68.43,72.73,77.03,81.33,85.63,89.93,94.23,98.53,102.83,107.13,111.43,115.73,120.03,124.33,128.63,132.93,137.23,141.53,145.83,150.13,154.43,158.73,163.03,167.33,171.63,175.93,180.23,184.53,188.83,193.13,197.43,201.73,206.03,210.33,214.63,218.93,223.23,227.53,231.83,236.13,240.43,244.73,249.03,253.33,257.63,0.0,266.03,270.13,274.23,278.33,282.43,286.53,290.63,294.73,298.83,302.93,307.03,311.13,315.23,319.33,323.43,327.53,331.63,335.73
Hogwarts Quidditch Mountain Annex,2019.44,2023.81,2028.18,12.57,16.94,21.31,25.68,30.05,34.42,38.79,43.16,47.53,51.9,56.27,60.64,65.01,69.38,73.75,78.12,82.49,86.86,91.23,95.6,99.97,104.34,108.71,113.08,117.45,121.82,126.19,130.56,134.93,139.3,143.67,148.04,152.41,156.78,161.15,165.52,169.89,174.26,178.63,183.0,187.37,191.74,196.11,200.48,204.85,209.22,213.59,217.96,222.33,226.7,231.07,235.44,239.81,244.18,248.55,252.92,257.29,261.66,266.03,0.0,274.57,278.74,282.91,287.08,291.25,295.42,299.59,303.76,307.93,312.1,316.27,320.44,324.61,328.78,332.95,337.12,341.29
Stellar Dark Side Colony #3,2019.27,2023.71,2028.15,12.61,17.05,21.49,25.93,30.37,34.81,39.25,43.69,48.13,52.57,57.01,61.45,65.89,70.33,74.77,79.21,83.65,88.09,92.53,96.97,101.41,105.85,110.29,114.73,119.17,123.61,128.05,132.49,136.93,141.37,145.81,150.25,154.69,159.13,163.57,168.01,172.45,176.89,181.33,185.77,190.21,194.65,199.09,203.53,207.97,212.41,216.85,221.29,225.73,230.17,234.61,239.05,243.49,247.93,252.37,256.81,261.25,265.69,270.13,274.57,0.0,283.25,287.49,291.73,295.97,300.21,304.45,308.69,312.93,317.17,321.41,325.65,329.89,334.13,338.37,342.61,346.85
Mount Overpriced,2019.1,2023.61,2028.12,12.65,17.16,21.67,26.18,30.69,35.2,39.71,44.22,48.73,53.24,57.75,62.26,66.77,71.28,75.79,80.3,84.81,89.32,93.83,98.34,102.85,107.36,111.87,116.38,120.89,125.4,129.91,134.42,138.93,143.44,147.95,152.46,156.97,161.48,165.99,170.5,175.01,179.52,184.03,188.54,193.05,197.56,202.07,206.58,211.09,215.6,220.11,224.62,229.13,233.64,238.15,242.66,247.17,251.68,256.19,260.7,265.21,269.72,274.23,278.74,283.25,0.0,292.07,296.38,300.69,305.0,309.31,313.62,317.93,322.24,326.55,330.86,335.17,339.48,343.79,348.1,352.41
Baron Von Chairlift,2018.93,2023.51,2028.09,12.69,17.27,21.85,26.43,31.01,35.59,40.17,44.75,49.33,53.91,58.49,63.07,67.65,72.23,76.81,81.39,85.97,90.55,95.13,99.71,104.29,108.87,113.45,118.03,122.61,127.19,131.77,136.35,140.93,145.51,150.09,154.67,159.25,163.83,168.41,172.99,177.57,182.15,186.73,191.31,195.89,200.47,205.05,209.63,214.21,218.79,223.37,227.95,232.53,237.11,241.69,246.27,250.85,255.43,260.01,264.59,269.17,273.75,278.33,282.91,287.49,292.07,0.0,301.03,305.41,309.79,314.17,318.55,322.93,327.31,331.69,336.07,340.45,344.83,349.21,353.59,357.97
Lawsuit Gulch,2018.76,2023.41,2028.06,12.73,17.38,22.03,26.68,31.33,35.98,40.63,45.28,49.93,54.58,59.23,63.88,68.53,73.18,77.83,82.48,87.13,91.78,96.43,101.08,105.73,110.38,115.03,119.68,124.33,128.98,133.63,138.28,142.93,147.58,152.23,156.88,161.53,166.18,170.83,175.48,180.13,184.78,189.43,194.08,198.73,203.38,208.03,212.68,217.33,221.98,226.63,231.28,235.93,240.58,245.23,249.88,254.53,259.18,263.83,268.48,273.13,277.78,282.43,287.08,291.73,296.38,301.03,0.0,310.13,314.58,319.03,323.48,327.93,332.38,336.83,341.28,345.73,350.18,354.63,359.08,363.53
Fluffy Terrain Park Trails #15,2018.59,2023.31,2028.03,12.77,17.49,22.21,26.93,31.65,36.37,41.09,45.81,50.53,55.25,59.97,64.69,69.41,74.13,78.85,83.57,88.29,93.01,97.73,102.45,107.17,111.89,116.61,121.33,126.05,130.77,135.49,140.21,144.93,149.65,154.37,159.09,163.81,168.53,173.25,177.97,182.69,187.41,192.13,196.85,201.57,206.29,211.01,215.73,220.45,225.17,229.89,234.61,239.33,244.05,248.77,253.49,258.21,262.93,267.65,272.37,277.09,281.81,286.53,291.25,295.97,300.69,305.41,310.13,0.0,319.37,323.89,328.41,332.93,337.45,341.97,346.49,351.01,355.53,360.05,364.57,369.09
Stellar Event Horizon Zone #10,2018.42,2023.21,2028.0,12.81,17.6,22.39,27.18,31.97,36.76,41.55,46.34,51.13,55.92,60.71,65.5,70.29,75.08,79.87,84.66,89.45,94.24,99.03,103.82,108.61,113.4,118.19,122.98,127.77,132.56,137.35,142.14,146.93,151.72,156.51,161.3,166.09,170.88,175.67,180.46,185.25,190.04,194.83,199.62,204.41,209.2,213.99,218.78,223.57,228.36,233.15,237.94,242.73,247.52,252.31,257.1,261.89,266.68,271.47,276.26,281.05,285.84,290.63,295.42,300.21,305.0,309.79,314.58,319.37,0.0,328.75,333.34,337.93,342.52,347.11,351.7,356.29,360.88,365.47,370.06,374.65
Sir Crashes-A-Lot,2018.25,2023.11,2027.97,12.85,17.71,22.57,27.43,32.29,37.15,42.01,46.87,51.73,56.59,61.45,66.31,71.17,76.03,80.89,85.75,90.61,95.47,100.33,105.19,110.05,114.91,119.77,124.63,129.49,134.35,139.21,144.07,148.93,153.79,158.65,163.51,168.37,173.23,178.09,182.95,187.81,192.67,197.53,202.39,207.25,212.11,216.97,221.83,226.69,231.55,236.41,241.27,246.13,250.99,255.85,260.71,265.57,270.43,275.29,280.15,285.01,289.87,294.73,299.59,304.45,309.31,314.17,319.03,323.89,328.75,0.0,338.27,342.93,347.59,352.25,356.91,361.57,366.23,370.89,375.55,380.21
Great Gondola Domain #17,2018.08,2023.01,2027.94,12.89,17.82,22.75,27.68,32.61,37.54,42.47,47.4,52.33,57.26,62.19,67.12,72.05,76.98,81.91,86.84,91.77,96.7,101.63,106.56,111.49,116.42,121.35,126.28,131.21,136.14,141.07,146.0,150.93,155.86,160.79,165.72,170.65,175.58,180.51,185.44,190.37,195.3,200.23,205.16,210.09,215.02,219.95,224.88,229.81,234.74,239.67,244.6,249.53,254.46,259.39,264.32,269.25,274.18,279.11,284.04,288.97,293.9,298.83,303.76,308.69,313.62,318.55,323.48,328.41,333.34,338.27,0.0,347.93,352.66,357.39,362.12,366.85,371.58,376.31,381.04,385.77
Mediocre Hufflepuff Territory #14,2017.91,2022.91,2027.91,12.93,17.93,22.93,27.93,32.93,37.93,42.93,47.93,52.93,57.93,62.93,67.93,72.93,77.93,82.93,87.93,92.93,97.93,102.93,107.93,112.93,117.93,122.93,127.93,132.93,137.93,142.93,147.93,152.93,157.93,162.93,167.93,172.93,177.93,182.93,187.93,192.93,197.93,202.93,207.93,212.93,217.93,222.93,227.93,232.93,237.93,242.93,247.93,252.93,257.93,262.93,267.93,272.93,277.93,282.93,287.93,292.93,297.93,302.93,307.93,312.93,317.93,322.93,327.93,332.93,337.93,342.93,347.93,0.0,357.73,362.53,367.33,372.13,376.93,381.73,386.53,391.33
Enchanted Charges-Hard Summit #11,2017.74,2022.81,2027.88,12.97,18.04,23.11,28.18,33.25,38.32,43.39,48.46,53.53,58.6,63.67,68.74,73.81,78.88,83.95,89.02,94.09,99.16,104.23,109.3,114.37,119.44,124.51,129.58,134.65,139.72,144.79,149.86,154.93,160.0,165.07,170.14,175.21,180.28,185.35,190.42,195.49,200.56,205.63,210.7,215.77,220.84,225.91,230.98,236.05,241.12,246.19,251.26,256.33,261.4,266.47,271.54,276.61,281.68,286.75,291.82,296.89,301.96,307.03,312.1,317.17,322.24,327.31,332.38,337.45,342.52,347.59,352.66,357.73,0.0,367.67,372.54,377.41,382.28,387.15,392.02,396.89
Ice Rink With Delusions,2017.57,2022.71,2027.85,13.01,18.15,23.29,28.43,33.57,38.71,43.85,48.99,54.13,59.27,64.41,69.55,74.69,79.83,84.97,90.11,95.25,100.39,105.53,110.67,115.81,120.95,126.09,131.23,136.37,141.51,146.65,151.79,156.93,162.07,167.21,172.35,177.49,182.63,187.77,192.91,198.05,203.19,208.33,213.47,218.61,223.75,228.89,234.03,239.17,244.31,249.45,254.59,259.73,264.87,270.01,275.15,280.29,285.43,290.57,295.71,300.85,305.99,311.13,316.27,321.41,326.55,331.69,336.83,341.97,347.11,352.25,357.39,362.53,367.67,0.0,377.75,382.69,387.63,392.57,397.51,402.45
Solar Matrioshka Moguls Powder Depot Delta #8,2017.4,2022.61,2027.82,13.05,18.26,23.47,28.68,33.89,39.1,44.31,49.52,54.73,59.94,65.15,70.36,75.57,80.78,85.99,91.2,96.41,101.62,106.83,112.04,117.25,122.46,127.67,132.88,138.09,143.3,148.51,153.72,158.93,164.14,169.35,174.56,179.77,184.98,190.19,195.4,200.61,205.82,211.03,216.24,221.45,226.66,231.87,237.08,242.29,247.5,252.71,257.92,263.13,268.34,273.55,278.76,283.97,289.18,294.39,299.6,304.81,310.02,315.23,320.44,325.65,330.86,336.07,341.28,346.49,351.7,356.91,362.12,367.33,372.54,377.75,0.0,387.97,392.98,397.99,403.0,408.01
Winterfell Ski and Slay,2017.23,2022.51,2027.79,13.09,18.37,23.65,28.93,34.21,39.49,44.77,50.05,55.33,60.61,65.89,71.17,76.45,81.73,87.01,92.29,97.57,102.85,108.13,113.41,118.69,123.97,129.25,134.53,139.81,145.09,150.37,155.65,160.93,166.21,171.49,176.77,182.05,187.33,192.61,197.89,203.17,208.45,213.73,219.01,224.29,229.57,234.85,240.13,245.41,250.69,255.97,261.25,266.53,271.81,277.09,282.37,287.65,292.93,298.21,303.49,308.77,314.05,319.33,324.61,329.89,335.17,340.45,345.73,351.01,356.29,361.57,366.85,372.13,377.41,382.69,387.97,0.0,398.33,403.41,408.49,413.57
Supernova Packet Loss Peak Snow Dome Beta #11,2017.06,2022.41,2027.76,13.13,18.48,23.83,29.18,34.53,39.88,45.23,50.58,55.93,61.28,66.63,71.98,77.33,82.68,88.03,93.38,98.73,104.08,109.43,114.78,120.13,125.48,130.83,136.18,141.53,146.88,152.23,157.58,162.93,168.28,173.63,178.98,184.33,189.68,195.03,200.38,205.73,211.08,216.43,221.78,227.13,232.48,237.83,243.18,248.53,253.88,259.23,264.58,269.93,275.28,280.63,285.98,291.33,296.68,302.03,307.38,312.73,318.08,323.43,328.78,334.13,339.48,344.83,350.18,355.53,360.88,366.23,371.58,376.93,382.28,387.63,392.98,398.33,0.0,408.83,413.98,419.13
Plasma Ping Spike Plunge Complex #1,2016.89,2022.31,2027.73,13.17,18.59,24.01,29.43,34.85,40.27,45.69,51.11,56.53,61.95,67.37,72.79,78.21,83.63,89.05,94.47,99.89,105.31,110.73,116.15,121.57,126.99,132.41,137.83,143.25,148.67,154.09,159.51,164.93,170.35,175.77,181.19,186.61,192.03,197.45,202.87,208.29,213.71,219.13,224.55,229.97,235.39,240.81,246.23,251.65,257.07,262.49,267.91,273.33,278.75,284.17,289.59,295.01,300.43,305.85,311.27,316.69,322.11,327.53,332.95,338.37,343.79,349.21,354.63,360.05,365.47,370.89,376.31,381.73,387.15,392.57,397.99,403.41,408.83,0.0,419.47,424.69
Metagalactic Matrix Moguls Base #6,2016.72,2022.21,2027.7,13.21,18.7,24.19,29.68,35.17,40.66,46.15,51.64,57.13,62.62,68.11,73.6,79.09,84.58,90.07,95.56,101.05,106.54,112.03,117.52,123.01,128.5,133.99,139.48,144.97,150.46,155.95,161.44,166.93,172.42,177.91,183.4,188.89,194.38,199.87,205.36,210.85,216.34,221.83,227.32,232.81,238.3,243.79,249.28,254.77,260.26,265.75,271.24,276.73,282.22,287.71,293.2,298.69,304.18,309.67,315.16,320.65,326.14,331.63,337.12,342.61,348.1,353.59,359.08,364.57,370.06,375.55,381.04,386.53,392.02,397.51,403.0,408.49,413.98,419.47,0.0,430.25
Fake Snow Fantasy,2016.55,2022.11,2027.67,13.25,18.81,24.37,29.93,35.49,41.05,46.61,52.17,57.73,63.29,68.85,74.41,79.97,85.53,91.09,96.65,102.21,107.77,113.33,118.89,124.45,130.01,135.57,141.13,146.69,152.25,157.81,163.37,168.93,174.49,180.05,185.61,191.17,196.73,202.29,207.85,213.41,218.97,224.53,230.09,235.65,241.21,246.77,252.33,257.89,263.45,269.01,274.57,280.13,285.69,291.25,296.81,302.37,307.93,313.49,319.05,324.61,330.17,335.73,341.29,346.85,352.41,357.97,363.53,369.09,374.65,380.21,385.77,391.33,396.89,402.45,408.01,413.57,419.13,424.69,430.25,0.0
